"ID","Position","Specialization","Continent","Experience (years)","Salary ($/year)","Gender","Age","Education","Type of employment","Number of projects","Job satisfaction",""
"1","Developer","Mobile","Europe","2","354110.1","Male","20","Bachelor's","Full-time","5","4.2",""
"2","Developer","Mobile","Australia","4","944110.0","Male","28","Bachelor's","Freelance","2","5.0",""
"3","Developer","Mobile","North America","4","908764.0","Male","26","Bachelor's","Full-time","7","3.2",""
"4","Developer","Mobile","South America","5","926124.0","Male","30","None","Full-time","8","4.5",""
"5","Developer","Mobile","Europe","4","736708.0","Male","24","Bachelor's","Part-time","11","4.3",""
"6","Developer","Mobile","Europe","2","1646721.0","Male","22","Bachelor's","Part-time","10","4.6",""
"7","Developer","Mobile","Europe","10","1392960.0","Male","35","Bachelor's","Part-time","20","5.0",""
"8","Developer","Mobile","Europe","2","1404773.0","Male","30","Bachelor's","Remote","5","3.9",""
"9","Developer","Mobile","Europe","1","1507343.0","Male","24","Master's","Part-time","6","3.8",""
"10","Developer","Mobile","Europe","7","1558095.0","Male","28","Bachelor's","Freelance","16","4.4",""
"11","Developer","Mobile","Europe","4","2557843.0","Male","24","Bachelor's","Remote","10","4.5",""
"12","Developer","Mobile","Europe","6","1510081.0","Female","31","None","Part-time","14","4.8",""
"13","Developer","Mobile","Australia","4","732821.0","Male","30","Master's","Part-time","9","5.0",""
"14","Developer","Mobile","Australia","5","1221750.0","Male","35","Bachelor's","Part-time","14","3.2",""
"15","Developer","Mobile","Europe","3","1739484.0","Male","25","Master's","Part-time","9","3.4",""
"16","Developer","Web","Europe","5","1124939.0","Male","26","Bachelor's","Part-time","4","4.5",""
"17","Developer","Web","Europe","7","1630396.0","Male","28","None","Part-time","14","4.0",""
"18","Developer","Web","Europe","6","1009436.0","Male","27","Bachelor's","Full-time","8","4.0",""
"19","Developer","Web","Europe","5","550980.0","Male","32","Bachelor's","Full-time","12","3.9",""
"20","Developer","Web","Europe","5","1870000.0","Male","38","Bachelor's","Full-time","10","3.9",""
"21","Developer","Web","North America","3","758376.0","Male","40","Master's","Full-time","10","3.8",""
"22","Developer","Web","North America","6","1556575.0","Male","29","Master's","Part-time","2","3.8",""
"23","Developer","Web","North America","5","1194327.0","Male","25","Bachelor's","Full-time","7","3.7",""
"24","Developer","Web","North America","4","1470000.0","Male","24","Bachelor's","Full-time","5","3.7",""
"25","Developer","Web","North America","3","1549942.0","Female","21","None","Full-time","4","3.6",""
"26","Developer","Web","North America","1","1009436.0","Male","24","Master's","Full-time","2","3.6",""
"27","Developer","Web","North America","5","1541572.0","Female","28","Bachelor's","Part-time","2","3.6",""
"28","Developer","Web","North America","5","811182.0","Male","24","Bachelor's","Full-time","9","3.5",""
"29","Developer","Web","South America","8","1205874.0","Male","36","None","Full-time","2","4.5",""
"30","Developer","Web","North America","3","727111.0","Male","33","Bachelor's","Full-time","6","3.4",""
"31","Developer","Web","North America","3","1923257.0","Male","26","Bachelor's","Full-time","6","3.4",""
"32","Developer","Web","North America","2","2143501.0","Male","24","Bachelor's","Full-time","10","3.3",""
"33","Developer","Web","South America","2","1926965.0","Male","21","Bachelor's","Full-time","9","5.0",""
"34","Developer","Web","South America","2","495252.0","Male","24","Master's","Full-time","8","3.2",""
"35","Developer","Desktop","South America","6","1294984.0","Male","28","Bachelor's","Freelance","3","4.5",""
"36","Developer","Desktop","South America","2","2334960.0","Male","24","Bachelor's","Full-time","15","4.3",""
"37","Developer","Desktop","South America","2","2267616.0","Female","36","None","Part-time","12","4.6",""
"38","Developer","Desktop","South America","3","1366992.0","Male","25","Master's","Full-time","15","5.0",""
"39","Developer","Desktop","South America","1","1453427.0","Female","21","Bachelor's","Full-time","15","3.9",""
"40","Developer","Desktop","Europe","5","1458032.0","Male","45","Master's","Full-time","7","3.8",""
"41","Developer","Desktop","Australia","3","1730166.0","Male","26","Bachelor's","Full-time","8","4.4",""
"42","Developer","Desktop","North America","2","658109.0","Male","22","None","Full-time","7","4.5",""
"43","Developer","Desktop","Europe","5","794460.0","Male","27","Bachelor's","Full-time","10","4.8",""
"44","Developer","Desktop","Australia","3","2567381.0","Male","23","Bachelor's","Part-time","15","4.7",""
"45","Developer","Desktop","North America","5","1637231.0","Male","36","Bachelor's","Full-time","14","4.8",""
"46","Developer","Desktop","South America","5","900000.0","Male","54","Master's","Full-time","6","4.9",""
"47","Data_Analyst","Data_Science","Europe","2","902935.0","Male","25","Master's","Full-time","8","4.9",""
"48","Data_Analyst","Data_Science","Europe","5","970782.0","Male","26","Bachelor's","Full-time","14","5.0",""
"49","Data_Analyst","Data_Science","Europe","3","1050000.0","Male","25","Bachelor's","Full-time","11","4.2",""
"50","Data_Analyst","Data_Science","Europe","1","2119584.0","Male","21","None","Full-time","3","4.3",""
"51","Data_Analyst","Data_Science","South America","2","1687111.0","Female","22","Master's","Freelance","4","4.6",""
"52","Data_Analyst","Data_Science","South America","2","1465641.0","Male","34","Bachelor's","Full-time","13","3.7",""
"53","Data_Analyst","Data_Science","South America","6","600000.0","Male","39","Bachelor's","Freelance","14","4.5",""
"54","Data_Analyst","Data_Science","South America","1","1805869.0","Male","30","Bachelor's","Full-time","13","4.6",""
"55","Data_Analyst","Data_Science","Europe","1","2624063.0","Male","26","Master's","Full-time","5","4.4",""
"56","Data_Analyst","Data_Science","Australia","2","955297.0","Male","27","Master's","Part-time","5","4.5",""
"57","Data_Analyst","Data_Science","North America","2","761478.0","Male","22","Bachelor's","Part-time","7","4.8",""
"58","Data_Analyst","Data_Science","Europe","1","2805476.0","Male","22","Bachelor's","Part-time","2","4.7",""
"59","Data_Analyst","Data_Science","South America","5","969112.0","Male","34","Bachelor's","Remote","6","4.8",""
"60","Data_Analyst","Data_Science","South America","3","450979.0","Male","39","Bachelor's","Part-time","9","4.9",""
"61","Data_Analyst","Data_Science","South America","6","1338795.0","Female","30","Bachelor's","Freelance","8","4.9",""
"62","Data_Analyst","Data_Science","South America","4","1040493.0","Female","26","Master's","Remote","3","5.0",""
"63","Data_Analyst","Data_Science","Europe","2","1291549.0","Male","23","Master's","Part-time","7","4.2",""
"64","Data_Analyst","Data_Science","Australia","2","599136.0","Male","22","Bachelor's","Part-time","3","4.0",""
"65","Data_Analyst","Data_Science","North America","1","1663189.0","Male","24","None","Part-time","4","3.6",""
"66","Data_Analyst","Data_Science","Europe","4","1323387.0","Female","24","Bachelor's","Part-time","10","3.2",""
"67","Data_Analyst","Data_Science","Australia","3","1246266.0","Female","26","None","Part-time","3","2.9",""
"68","Data_Analyst","Data_Science","North America","2","494147.0","Male","22","Bachelor's","Part-time","2","2.5",""
"69","Data_Analyst","Data_Science","South America","5","1892758.0","Male","25","Master's","Full-time","5","3.6",""
"70","Data_Analyst","Data_Science","Europe","6","1572054.0","Male","26","Bachelor's","Full-time","2","3.5",""
"71","Data_Analyst","Data_Science","Europe","5","2024533.0","Male","25","None","Full-time","11","3.4",""
"72","Data_Analyst","Data_Science","Europe","2","1927564.0","Male","22","Bachelor's","Full-time","7","3.4",""
"73","Data_Analyst","Data_Science","Europe","2","800000.0","Male","21","None","Part-time","13","3.3",""
"74","Data_Analyst","Data_Science","North America","2","2009790.0","Male","24","Bachelor's","Full-time","4","5.0",""
"75","Data_Analyst","Data_Science","North America","1","831462.0","Female","23","Master's","Full-time","11","4.2",""
"76","Data_Analyst","Data_Science","North America","6","516323.0","Female","29","Bachelor's","Full-time","13","4.8",""
"77","QA_Engineer","Testing","North America","2","2333241.0","Male","28","None","Full-time","15","4.1",""
"78","QA_Engineer","Testing","North America","3","1200000.0","Male","31","Bachelor's","Full-time","7","3.8",""
"79","QA_Engineer","Testing","North America","4","2006522.0","Male","35","None","Freelance","11","3.6",""
"80","QA_Engineer","Testing","North America","4","2160000.0","Female","24","Bachelor's","Full-time","10","3.4",""
"81","QA_Engineer","Testing","North America","4","1341316.0","Female","26","None","Full-time","6","3.1",""
"82","QA_Engineer","Testing","North America","6","1634105.0","Female","27","Bachelor's","Part-time","3","4.2",""
"83","QA_Engineer","Testing","North America","5","1389256.0","Female","28","None","Part-time","3","4.4",""
"84","QA_Engineer","Testing","North America","1","1000000.0","Male","23","Bachelor's","Part-time","9","4.9",""
"85","QA_Engineer","Testing","North America","6","1231116.0","Male","27","None","Remote","2","4.9",""
"86","QA_Engineer","Testing","North America","6","2352941.0","Male","28","Bachelor's","Part-time","11","5.0",""
"87","QA_Engineer","Testing","North America","1","744551.0","Female","23","None","Freelance","7","4.2",""
"88","QA_Engineer","Testing","North America","2","3014686.0","Female","24","Bachelor's","Remote","13","4.0",""
"89","QA_Engineer","Testing","North America","6","1357204.0","Female","26","None","Part-time","4","3.6",""
"90","QA_Engineer","Testing","South America","5","1053196.0","Female","30","Bachelor's","Part-time","11","3.2",""
"91","QA_Engineer","Testing","Europe","6","1337606.0","Male","37","None","Part-time","13","2.9",""
"92","QA_Engineer","Testing","Europe","1","585900.0","Male","20","Bachelor's","Part-time","15","2.5",""
"93","QA_Engineer","Testing","Europe","6","395436.0","Male","36","None","Part-time","7","3.6",""
"94","QA_Engineer","Testing","Europe","3","1649930.0","Female","33","Bachelor's","Part-time","11","3.5",""
"95","QA_Engineer","Testing","North America","5","1138060.0","Female","26","None","Full-time","10","3.4",""
"96","QA_Engineer","Testing","North America","3","1612744.0","Female","25","Master's","Full-time","6","3.4",""
"97","QA_Engineer","Testing","North America","5","432776.0","Male","24","Bachelor's","Full-time","3","4.9",""
"98","QA_Engineer","Testing","North America","4","987471.0","Male","24","None","Full-time","3","4.9",""
"99","QA_Engineer","Testing","North America","5","1512297.0","Male","25","Bachelor's","Part-time","9","5.0",""
"100","QA_Engineer","Testing","South America","2","1752935.0","Female","19","None","Full-time","2","4.2",""
"101","QA_Engineer","Testing","Europe","5","1197944.0","Female","26","None","Full-time","11","4.0",""
"102","QA_Engineer","Testing","Europe","5","923544.0","Female","25","Bachelor's","Full-time","7","3.6",""
"103","QA_Engineer","Testing","Europe","1","587146.0","Female","19","None","Full-time","13","3.2",""
"104","QA_Engineer","Testing","Europe","2","977543.0","Male","26","Master's","Full-time","4","2.9",""
"105","QA_Engineer","Testing","North America","5","649755.0","Male","25","Bachelor's","Full-time","11","2.5",""
"106","QA_Engineer","Testing","South America","5","970782.0","Male","24","Bachelor's","Part-time","13","3.6",""
"107","QA_Engineer","Testing","Europe","3","1050000.0","Female","25","Bachelor's","Full-time","15","3.5",""
"108","QA_Engineer","Testing","Europe","5","2119584.0","Female","29","None","Freelance","7","3.4",""
"109","QA_Engineer","Testing","Europe","1","1687111.0","Female","21","None","Full-time","11","3.4",""
"110","Developer","Mobile","Europe","2","354110.1","Male","20","Bachelor's","Full-time","5","4.2",""
"111","Developer","Mobile","North America","4","944110.0","Male","28","Bachelor's","Freelance","2","5.0",""
"112","Developer","Mobile","North America","4","908764.0","Male","26","Bachelor's","Full-time","7","3.2",""
"113","Developer","Mobile","North America","5","926124.0","Male","30","None","Full-time","8","4.5",""
"114","Developer","Mobile","North America","4","736708.0","Male","24","Bachelor's","Part-time","11","4.3",""
"115","Developer","Mobile","North America","2","1646721.0","Male","22","Bachelor's","Part-time","10","4.6",""
"116","Developer","Mobile","North America","10","1392960.0","Male","35","Bachelor's","Part-time","20","5.0",""
"117","Developer","Mobile","Europe","2","1404773.0","Male","30","Bachelor's","Remote","5","3.9",""
"118","Developer","Mobile","Europe","1","1507343.0","Male","24","Master's","Part-time","6","3.8",""
"119","Developer","Mobile","Europe","7","1558095.0","Male","28","Bachelor's","Freelance","16","4.4",""
"120","Developer","Mobile","Europe","4","2557843.0","Male","24","Bachelor's","Remote","10","4.5",""
"121","Developer","Mobile","South America","6","1510081.0","Female","31","None","Part-time","14","4.8",""
"122","Developer","Mobile","South America","4","732821.0","Male","30","Master's","Part-time","9","5.0",""
"123","Developer","Mobile","South America","5","1221750.0","Male","35","Bachelor's","Part-time","14","3.2",""
"124","Developer","Mobile","South America","3","1739484.0","Male","25","Master's","Part-time","9","3.4",""
"125","Developer","Web","Europe","5","1124939.0","Male","26","Bachelor's","Part-time","4","4.5",""
"126","Developer","Web","Australia","7","1630396.0","Male","28","None","Part-time","14","4.0",""
"127","Developer","Web","North America","6","1009436.0","Male","27","Bachelor's","Full-time","8","4.0",""
"128","Developer","Web","Europe","5","550980.0","Male","32","Bachelor's","Full-time","12","3.9",""
"129","Developer","Web","South America","5","1870000.0","Male","38","Bachelor's","Full-time","10","3.9",""
"130","Developer","Web","North America","3","758376.0","Male","40","Master's","Full-time","10","3.8",""
"131","Developer","Web","North America","6","1556575.0","Male","29","Master's","Part-time","2","3.8",""
"132","Developer","Web","North America","5","1194327.0","Male","25","Bachelor's","Full-time","7","3.7",""
"133","Developer","Web","North America","4","1470000.0","Male","24","Bachelor's","Full-time","5","3.7",""
"134","Developer","Web","North America","3","1549942.0","Female","21","None","Full-time","4","3.6",""
"135","Developer","Web","North America","1","1009436.0","Male","24","Master's","Full-time","2","3.6",""
"136","Developer","Web","North America","5","1541572.0","Female","28","Bachelor's","Part-time","2","3.6",""
"137","Developer","Web","North America","5","811182.0","Male","24","Bachelor's","Full-time","9","3.5",""
"138","Developer","Web","North America","8","1205874.0","Male","36","None","Full-time","2","4.5",""
"139","Developer","Web","North America","3","727111.0","Male","33","Bachelor's","Full-time","6","3.4",""
"140","Developer","Web","North America","3","1923257.0","Male","26","Bachelor's","Full-time","6","3.4",""
"141","Developer","Web","Australia","2","2143501.0","Male","24","Bachelor's","Full-time","10","3.3",""
"142","Developer","Web","North America","2","1926965.0","Male","21","Bachelor's","Full-time","9","5.0",""
"143","Developer","Web","Europe","2","495252.0","Male","24","Master's","Full-time","8","3.2",""
"144","Developer","Desktop","South America","6","1294984.0","Male","28","Bachelor's","Freelance","3","4.5",""
"145","Developer","Desktop","North America","2","2334960.0","Male","24","Bachelor's","Full-time","15","4.3",""
"146","Developer","Desktop","North America","2","2267616.0","Female","36","None","Part-time","12","4.6",""
"147","Developer","Desktop","North America","3","1366992.0","Male","25","Master's","Full-time","15","5.0",""
"148","Developer","Desktop","North America","1","1453427.0","Female","21","Bachelor's","Full-time","15","3.9",""
"149","Developer","Desktop","North America","5","1458032.0","Male","45","Master's","Full-time","7","3.8",""
"150","Developer","Desktop","North America","3","1730166.0","Male","26","Bachelor's","Full-time","8","4.4",""
"151","Developer","Desktop","North America","2","658109.0","Male","22","None","Full-time","7","4.5",""
"152","Developer","Desktop","Australia","5","794460.0","Male","27","Bachelor's","Full-time","10","4.8",""
"153","Developer","Desktop","North America","3","2567381.0","Male","23","Bachelor's","Part-time","15","4.7",""
"154","Developer","Desktop","Europe","5","1637231.0","Male","36","Bachelor's","Full-time","14","4.8",""
"155","Developer","Desktop","South America","5","900000.0","Male","54","Master's","Full-time","6","4.9",""
"156","Data_Analyst","Data_Science","North America","2","902935.0","Male","25","Master's","Full-time","8","4.9",""
"157","Data_Analyst","Data_Science","North America","5","970782.0","Male","26","Bachelor's","Full-time","14","5.0",""
"158","Data_Analyst","Data_Science","North America","3","1050000.0","Male","25","Bachelor's","Full-time","11","4.2",""
"159","Data_Analyst","Data_Science","North America","1","2119584.0","Male","21","None","Full-time","3","4.3",""
"160","Data_Analyst","Data_Science","North America","2","1687111.0","Female","22","Master's","Freelance","4","4.6",""
"161","Data_Analyst","Data_Science","North America","2","1465641.0","Male","34","Bachelor's","Full-time","13","3.7",""
"162","Data_Analyst","Data_Science","North America","6","600000.0","Male","39","Bachelor's","Freelance","14","4.5",""
"163","Data_Analyst","Data_Science","North America","1","1805869.0","Male","30","Bachelor's","Full-time","13","4.6",""
"164","Data_Analyst","Data_Science","North America","1","2624063.0","Male","26","Master's","Full-time","5","4.4",""
"165","Data_Analyst","Data_Science","North America","2","955297.0","Male","27","Master's","Part-time","5","4.5",""
"166","Data_Analyst","Data_Science","North America","2","761478.0","Male","22","Bachelor's","Part-time","7","4.8",""
"167","Data_Analyst","Data_Science","North America","1","2805476.0","Male","22","Bachelor's","Part-time","2","4.7",""
"168","Data_Analyst","Data_Science","North America","5","969112.0","Male","34","Bachelor's","Remote","6","4.8",""
"169","Data_Analyst","Data_Science","Australia","3","450979.0","Male","39","Bachelor's","Part-time","9","4.9",""
"170","Data_Analyst","Data_Science","North America","6","1338795.0","Female","30","Bachelor's","Freelance","8","4.9",""
"171","Data_Analyst","Data_Science","Europe","4","1040493.0","Female","26","Master's","Remote","3","5.0",""
"172","Data_Analyst","Data_Science","South America","2","1291549.0","Male","23","Master's","Part-time","7","4.2",""
"173","Data_Analyst","Data_Science","North America","2","599136.0","Male","22","Bachelor's","Part-time","3","4.0",""
"174","Data_Analyst","Data_Science","North America","1","1663189.0","Male","24","None","Part-time","4","3.6",""
"175","Data_Analyst","Data_Science","North America","4","1323387.0","Female","24","Bachelor's","Part-time","10","3.2",""
"176","Data_Analyst","Data_Science","North America","3","1246266.0","Female","26","None","Part-time","3","2.9",""
"177","Data_Analyst","Data_Science","North America","2","494147.0","Male","22","Bachelor's","Part-time","2","2.5",""
"178","Data_Analyst","Data_Science","North America","5","1892758.0","Male","25","Master's","Full-time","5","3.6",""
"179","Data_Analyst","Data_Science","North America","6","1572054.0","Male","26","Bachelor's","Full-time","2","3.5",""
"180","Data_Analyst","Data_Science","North America","5","2024533.0","Male","25","None","Full-time","11","3.4",""
"181","Data_Analyst","Data_Science","North America","2","1927564.0","Male","22","Bachelor's","Full-time","7","3.4",""
"182","Data_Analyst","Data_Science","North America","2","800000.0","Male","21","None","Part-time","13","3.3",""
"183","Data_Analyst","Data_Science","North America","2","2009790.0","Male","24","Bachelor's","Full-time","4","5.0",""
"184","Data_Analyst","Data_Science","North America","1","831462.0","Female","23","Master's","Full-time","11","4.2",""
"185","Data_Analyst","Data_Science","North America","6","516323.0","Female","29","Bachelor's","Full-time","13","4.8",""
"186","QA_Engineer","Testing","North America","2","2333241.0","Male","28","None","Full-time","15","4.1",""
"187","QA_Engineer","Testing","North America","3","1200000.0","Male","31","Bachelor's","Full-time","7","3.8",""
"188","QA_Engineer","Testing","North America","4","2006522.0","Male","35","None","Freelance","11","3.6",""
"189","QA_Engineer","Testing","North America","4","2160000.0","Female","24","Bachelor's","Full-time","10","3.4",""
"190","QA_Engineer","Testing","North America","4","1341316.0","Female","26","None","Full-time","6","3.1",""
"191","QA_Engineer","Testing","North America","6","1634105.0","Female","27","Bachelor's","Part-time","3","4.2",""
"192","QA_Engineer","Testing","North America","5","1389256.0","Female","28","None","Part-time","3","4.4",""
"193","QA_Engineer","Testing","North America","1","1000000.0","Male","23","Bachelor's","Part-time","9","4.9",""
"194","QA_Engineer","Testing","North America","6","1231116.0","Male","27","None","Remote","10","4.9",""
"195","QA_Engineer","Testing","North America","6","2352941.0","Male","28","Bachelor's","Part-time","11","5.0",""
"196","QA_Engineer","Testing","North America","1","744551.0","Female","23","None","Freelance","7","4.2",""
"197","QA_Engineer","Testing","North America","2","3014686.0","Female","24","Bachelor's","Remote","13","4.0",""
"198","QA_Engineer","Testing","North America","6","1357204.0","Female","26","None","Part-time","4","3.6",""
"199","QA_Engineer","Testing","North America","5","1053196.0","Female","30","Bachelor's","Part-time","11","3.2",""
"200","QA_Engineer","Testing","Australia","6","1337606.0","Male","37","None","Part-time","13","2.9",""
"201","QA_Engineer","Testing","North America","1","585900.0","Male","20","Bachelor's","Part-time","15","2.5",""
"202","QA_Engineer","Testing","Europe","6","395436.0","Male","36","None","Part-time","7","3.6",""
"203","QA_Engineer","Testing","South America","3","1649930.0","Female","33","Bachelor's","Part-time","11","3.5",""
"204","QA_Engineer","Testing","North America","5","1138060.0","Female","26","None","Full-time","5","3.4",""
"205","QA_Engineer","Testing","North America","3","1612744.0","Female","25","Master's","Full-time","6","3.4",""
"206","QA_Engineer","Testing","North America","5","432776.0","Male","24","Bachelor's","Full-time","3","4.9",""
"207","QA_Engineer","Testing","North America","4","987471.0","Male","24","None","Full-time","3","4.9",""
"208","QA_Engineer","Testing","North America","5","1512297.0","Male","25","Bachelor's","Part-time","9","5.0",""
"209","QA_Engineer","Testing","North America","2","1752935.0","Female","19","None","Full-time","2","4.2",""
"210","QA_Engineer","Testing","North America","5","1197944.0","Female","26","None","Full-time","8","4.0",""
"211","QA_Engineer","Testing","North America","5","923544.0","Female","25","Bachelor's","Full-time","7","3.6",""
"212","QA_Engineer","Testing","North America","1","587146.0","Female","19","None","Full-time","1","3.2",""
"213","QA_Engineer","Testing","North America","2","977543.0","Male","26","Master's","Full-time","4","2.9",""
"214","QA_Engineer","Testing","North America","5","649755.0","Male","25","Bachelor's","Full-time","11","2.5",""
"215","QA_Engineer","Testing","North America","5","970782.0","Male","24","Bachelor's","Part-time","13","3.6",""
"216","QA_Engineer","Testing","North America","3","1050000.0","Female","25","Bachelor's","Full-time","15","3.5",""
"217","QA_Engineer","Testing","Australia","5","2119584.0","Female","29","None","Freelance","7","3.4",""
"218","QA_Engineer","Testing","North America","1","1687111.0","Female","21","None","Full-time","5","3.4",""
"219","Data_Analyst","Web","Australia","5","1436629.3","Male","38","Master's","Remote","17","3.5",""
"220","QA_Engineer","Desktop","South America","4","1873655.8","Male","22","Master's","Part-time","1","4.6",""
"221","Data_Analyst","Mobile","Australia","7","1402069.2","Female","30","Master's","Remote","1","3.8",""
"222","Data_Analyst","Web","North America","4","364465.7","Female","20","Bachelor's","Remote","5","4.3",""
"223","Developer","Mobile","Australia","3","1784735.6","Male","18","Master's","Part-time","9","3.1",""
"224","Data_Analyst","Mobile","North America","3","2039521.7","Female","24","Bachelor's","Full-time","1","4.2",""
"225","Developer","Data_Science","Australia","1","2762225.4","Female","22","None","Freelance","12","4.2",""
"226","Data_Analyst","Mobile","Europe","2","1783277.5","Male","24","None","Full-time","4","5.0",""
"227","QA_Engineer","Testing","Europe","1","1493728.3","Female","33","None","Freelance","10","3.2",""
"228","QA_Engineer","Web","Australia","4","615032.4","Male","34","Master's","Part-time","7","3.4",""
"229","Developer","Mobile","Europe","1","2165061.2","Male","18","Bachelor's","Part-time","4","4.7",""
"230","Developer","Data_Science","South America","4","1143281.3","Male","27","Bachelor's","Full-time","9","5.0",""
"231","Developer","Web","South America","4","2863185.7","Female","21","None","Full-time","15","4.0",""
"232","Developer","Mobile","Australia","7","1441946.9","Male","29","Bachelor's","Part-time","2","4.6",""
"233","Data_Analyst","Testing","Europe","3","779831.1","Male","28","Master's","Freelance","5","3.7",""
"234","QA_Engineer","Web","South America","4","1149562.6","Female","25","Bachelor's","Freelance","1","5.0",""
"235","Data_Analyst","Testing","Australia","5","955637.0","Female","56","Bachelor's","Freelance","8","4.6",""
"236","QA_Engineer","Mobile","South America","1","1750658.0","Male","19","Master's","Remote","11","3.5",""
"237","Data_Analyst","Testing","Europe","5","1320365.0","Female","23","Bachelor's","Full-time","1","3.3",""
"238","QA_Engineer","Desktop","South America","1","1494219.2","Male","26","Bachelor's","Full-time","1","2.4",""
"239","Data_Analyst","Web","North America","3","547178.0","Male","27","Bachelor's","Remote","8","2.8",""
"240","QA_Engineer","Data_Science","South America","6","2557341.9","Male","22","Bachelor's","Freelance","7","3.7",""
"241","Developer","Testing","Europe","6","2005732.4","Female","25","Master's","Part-time","10","3.3",""
"242","Data_Analyst","Testing","Europe","6","1385956.2","Female","31","None","Remote","17","3.6",""
"243","QA_Engineer","Data_Science","North America","4","776907.0","Male","37","None","Full-time","4","3.8",""
"244","Data_Analyst","Web","Australia","5","1489253.7","Male","33","Master's","Part-time","17","4.1",""
"245","Data_Analyst","Mobile","North America","3","1337341.2","Male","25","Master's","Freelance","8","3.6",""
"246","QA_Engineer","Web","North America","4","1185495.5","Female","19","Master's","Full-time","6","4.1",""
"247","QA_Engineer","Testing","Australia","4","1241909.2","Male","23","None","Remote","15","4.7",""
"248","Data_Analyst","Data_Science","Europe","4","1519362.3","Male","31","Bachelor's","Part-time","1","3.9",""
"249","Developer","Desktop","North America","5","964802.1","Female","24","None","Freelance","4","3.3",""
"250","Data_Analyst","Web","Europe","1","2498996.6","Male","20","Master's","Freelance","3","4.5",""
"251","QA_Engineer","Mobile","Australia","8","1672877.0","Male","21","None","Remote","3","3.7",""
"252","Data_Analyst","Desktop","Australia","8","1669388.0","Female","32","Master's","Part-time","14","4.4",""
"253","Developer","Mobile","Europe","4","1455970.8","Male","26","Master's","Freelance","10","4.8",""
"254","Developer","Desktop","Australia","1","2145459.8","Female","32","Master's","Freelance","14","4.1",""
"255","Data_Analyst","Desktop","Europe","5","845406.6","Female","31","None","Full-time","8","2.9",""
"256","QA_Engineer","Web","Europe","3","884842.3","Female","21","None","Remote","10","3.2",""
"257","Data_Analyst","Desktop","North America","2","2173047.6","Male","25","Bachelor's","Full-time","4","3.3",""
"258","QA_Engineer","Data_Science","Australia","3","1500350.5","Male","41","None","Remote","10","3.5",""
"259","QA_Engineer","Data_Science","South America","4","734048.9","Female","27","Master's","Full-time","13","4.2",""
"260","Developer","Desktop","South America","3","1798430.2","Female","36","None","Full-time","9","3.6",""
"261","QA_Engineer","Testing","Australia","4","387605.7","Male","26","Bachelor's","Part-time","3","5.0",""
"262","Developer","Testing","Australia","5","2523539.5","Female","23","Bachelor's","Part-time","8","5.0",""
"263","Developer","Desktop","South America","4","874665.6","Female","33","Master's","Remote","11","3.5",""
"264","Developer","Web","South America","5","1614639.2","Female","25","Bachelor's","Freelance","12","5.0",""
"265","Data_Analyst","Web","Europe","7","1038449.4","Male","29","None","Freelance","10","2.9",""
"266","QA_Engineer","Web","Australia","10","1498598.5","Female","30","Master's","Remote","18","5.0",""
"267","Developer","Mobile","North America","5","3073824.5","Female","25","Bachelor's","Remote","13","5.0",""
"268","Data_Analyst","Desktop","South America","8","1695467.8","Female","25","None","Freelance","15","4.2",""
"269","Data_Analyst","Desktop","South America","1","768625.0","Female","28","None","Remote","8","4.3",""
"270","Developer","Testing","Australia","1","646676.9","Male","22","None","Part-time","5","4.0",""
"271","QA_Engineer","Data_Science","South America","5","1981049.3","Male","35","None","Freelance","8","3.7",""
"272","QA_Engineer","Web","Australia","1","1743545.7","Female","22","Master's","Freelance","5","4.5",""
"273","Data_Analyst","Mobile","Australia","1","1413262.1","Male","28","Master's","Freelance","6","3.1",""
"274","Data_Analyst","Web","Europe","1","888312.0","Male","20","None","Part-time","4","3.5",""
"275","QA_Engineer","Mobile","North America","2","564278.7","Male","19","Bachelor's","Remote","14","2.7",""
"276","Developer","Mobile","Europe","1","560064.6","Male","24","Bachelor's","Remote","2","3.6",""
"277","Developer","Web","Europe","5","1441949.3","Male","26","None","Part-time","7","2.9",""
"278","Data_Analyst","Data_Science","South America","7","2157612.3","Male","29","None","Freelance","4","3.9",""
"279","QA_Engineer","Data_Science","Europe","4","1389486.6","Male","28","None","Full-time","7","4.1",""
"280","Developer","Desktop","North America","2","1000279.9","Male","35","Bachelor's","Part-time","7","4.0",""
"281","Developer","Desktop","Europe","1","1598047.3","Male","26","Master's","Freelance","8","5.0",""
"282","Data_Analyst","Desktop","South America","5","1014111.4","Female","25","Bachelor's","Remote","17","5.0",""
"283","QA_Engineer","Web","North America","1","1989431.5","Female","22","Bachelor's","Remote","5","3.6",""
"284","Developer","Web","South America","3","870925.7","Female","21","Bachelor's","Remote","10","3.1",""
"285","QA_Engineer","Desktop","North America","8","926733.5","Male","22","None","Remote","9","3.9",""
"286","Data_Analyst","Web","Australia","4","1646967.5","Male","28","None","Part-time","13","3.6",""
"287","QA_Engineer","Desktop","Australia","4","3054245.0","Male","27","None","Full-time","13","4.6",""
"288","Data_Analyst","Data_Science","South America","7","616770.3","Female","34","Bachelor's","Full-time","13","4.4",""
"289","Developer","Testing","Europe","1","411734.8","Male","22","Master's","Part-time","2","4.5",""
"290","Data_Analyst","Testing","North America","1","434695.2","Female","21","None","Freelance","1","2.2",""
"291","Data_Analyst","Desktop","Australia","1","742989.0","Male","22","Master's","Freelance","10","4.9",""
"292","Developer","Data_Science","Australia","3","2493943.6","Female","29","Master's","Freelance","7","3.1",""
"293","QA_Engineer","Data_Science","South America","5","1450182.1","Female","26","Master's","Remote","2","4.5",""
"294","Data_Analyst","Mobile","South America","1","2055975.7","Male","21","None","Part-time","7","4.7",""
"295","Developer","Data_Science","Europe","7","530662.0","Male","35","Bachelor's","Part-time","14","4.4",""
"296","Developer","Mobile","North America","1","1442293.8","Male","23","Master's","Freelance","13","4.8",""
"297","Data_Analyst","Web","Australia","4","775099.5","Male","27","Master's","Part-time","9","4.3",""
"298","Data_Analyst","Mobile","Europe","1","2177688.4","Female","28","None","Remote","6","4.0",""
"299","Developer","Testing","Europe","8","1105317.4","Female","25","Master's","Remote","10","3.6",""
"300","Developer","Desktop","North America","6","1814633.3","Male","30","Bachelor's","Freelance","14","4.2",""
"301","Developer","Web","Australia","7","1359605.1","Female","28","Bachelor's","Freelance","5","4.0",""
"302","Data_Analyst","Web","South America","4","1937291.5","Male","25","None","Remote","8","3.6",""
"303","Developer","Data_Science","South America","3","507792.2","Female","21","Master's","Remote","1","4.6",""
"304","Developer","Mobile","Europe","3","580019.2","Male","19","Bachelor's","Freelance","2","4.3",""
"305","QA_Engineer","Desktop","South America","4","2306250.3","Male","33","Bachelor's","Full-time","12","4.1",""
"306","QA_Engineer","Testing","Europe","6","438389.8","Male","29","Master's","Remote","1","4.7",""
"307","QA_Engineer","Web","Australia","5","1372801.8","Male","32","None","Full-time","16","3.0",""
"308","Developer","Desktop","North America","2","532474.8","Female","18","Master's","Part-time","12","3.4",""
"309","Data_Analyst","Desktop","Europe","1","467035.4","Male","25","Bachelor's","Remote","3","2.8",""
"310","Developer","Desktop","South America","5","2118397.2","Male","36","Bachelor's","Freelance","11","3.5",""
"311","Data_Analyst","Desktop","Europe","3","2192426.9","Female","22","Master's","Part-time","7","3.4",""
"312","Developer","Data_Science","Europe","7","1106623.8","Female","22","None","Part-time","2","5.0",""
"313","QA_Engineer","Desktop","South America","2","1747068.3","Female","25","Master's","Freelance","8","3.1",""
"314","QA_Engineer","Data_Science","North America","5","649014.3","Male","27","Bachelor's","Freelance","15","4.1",""
"315","Data_Analyst","Web","Europe","5","1232945.7","Male","32","Bachelor's","Remote","4","5.0",""
"316","QA_Engineer","Web","Australia","5","406849.1","Female","29","Bachelor's","Full-time","6","4.7",""
"317","QA_Engineer","Data_Science","South America","3","584503.6","Male","18","Bachelor's","Remote","2","3.6",""
"318","Developer","Web","South America","1","2589181.5","Male","26","Bachelor's","Remote","5","4.1",""
"319","Developer","Mobile","Europe","6","1711036.2","Female","27","Bachelor's","Remote","9","5.0",""
"320","Data_Analyst","Testing","South America","6","888171.2","Male","33","Master's","Part-time","1","4.9",""
"321","QA_Engineer","Web","North America","1","591162.2","Female","23","Bachelor's","Full-time","1","2.3",""
"322","Developer","Web","South America","1","797526.6","Male","42","Master's","Remote","10","4.0",""
"323","Data_Analyst","Testing","South America","5","1549949.5","Male","22","Bachelor's","Full-time","13","4.9",""
"324","Data_Analyst","Testing","Australia","5","853857.4","Male","31","None","Remote","13","4.9",""
"325","QA_Engineer","Desktop","Europe","5","1636407.8","Female","25","Bachelor's","Freelance","5","3.3",""
"326","Data_Analyst","Mobile","Europe","6","557574.7","Female","27","Bachelor's","Part-time","9","2.4",""
"327","Data_Analyst","Testing","Europe","1","2529019.5","Male","27","None","Remote","5","4.1",""
"328","Data_Analyst","Desktop","Australia","4","1696512.9","Male","22","None","Freelance","7","3.1",""
"329","QA_Engineer","Desktop","South America","2","624828.4","Male","23","Master's","Freelance","7","4.2",""
"330","Developer","Mobile","Australia","3","1498207.7","Male","29","None","Part-time","12","3.6",""
"331","Data_Analyst","Desktop","Australia","4","1388549.7","Female","27","Bachelor's","Freelance","14","4.7",""
"332","Data_Analyst","Desktop","Australia","3","739462.5","Male","59","Bachelor's","Remote","7","4.7",""
"333","QA_Engineer","Mobile","South America","8","1566692.2","Male","29","None","Freelance","3","4.1",""
"334","Data_Analyst","Web","Australia","1","2550011.1","Male","25","Master's","Remote","13","4.2",""
"335","QA_Engineer","Testing","Europe","3","1027680.7","Female","29","Bachelor's","Full-time","3","4.7",""
"336","QA_Engineer","Data_Science","South America","7","1076617.8","Female","25","Bachelor's","Freelance","9","3.9",""
"337","Data_Analyst","Testing","South America","7","1320138.6","Male","27","None","Part-time","4","4.1",""
"338","QA_Engineer","Desktop","Europe","3","747122.0","Female","18","Bachelor's","Remote","7","4.4",""
"339","Developer","Testing","North America","3","1673766.3","Male","34","Master's","Remote","10","3.9",""
"340","QA_Engineer","Desktop","South America","3","1052427.7","Male","33","Bachelor's","Freelance","2","4.5",""
"341","Developer","Web","Australia","4","2000423.5","Male","28","Master's","Freelance","11","3.2",""
"342","QA_Engineer","Testing","North America","1","1600300.1","Female","18","Bachelor's","Freelance","1","3.7",""
"343","Developer","Testing","South America","3","878799.3","Female","27","Master's","Full-time","10","4.4",""
"344","Developer","Desktop","South America","1","683263.0","Male","35","Bachelor's","Full-time","9","3.6",""
"345","QA_Engineer","Data_Science","Europe","6","1200714.9","Male","30","Master's","Remote","5","3.6",""
"346","Data_Analyst","Desktop","North America","5","827879.8","Female","20","Master's","Part-time","9","4.6",""
"347","QA_Engineer","Data_Science","Europe","4","1509742.5","Female","35","Bachelor's","Full-time","11","2.8",""
"348","QA_Engineer","Desktop","South America","6","1971647.0","Male","25","None","Full-time","3","4.0",""
"349","Developer","Data_Science","South America","2","1942604.7","Male","29","Bachelor's","Remote","9","3.0",""
"350","QA_Engineer","Testing","North America","1","2417409.0","Female","30","Bachelor's","Remote","18","4.4",""
"351","Data_Analyst","Web","Europe","1","1684500.8","Female","24","Master's","Full-time","17","4.3",""
"352","QA_Engineer","Desktop","Australia","1","1133038.1","Female","29","Bachelor's","Part-time","5","4.2",""
"353","Data_Analyst","Data_Science","Australia","1","2335606.0","Male","24","Master's","Remote","17","4.3",""
"354","Developer","Testing","Europe","4","1847763.0","Female","24","Master's","Part-time","13","5.0",""
"355","Data_Analyst","Mobile","Australia","4","452987.1","Male","23","None","Part-time","8","2.9",""
"356","Data_Analyst","Desktop","Europe","2","892894.5","Male","18","Master's","Full-time","12","4.3",""
"357","Developer","Desktop","Australia","6","2160811.8","Male","41","None","Part-time","11","3.5",""
"358","QA_Engineer","Desktop","Europe","5","1443131.5","Male","28","Bachelor's","Remote","10","4.6",""
"359","QA_Engineer","Data_Science","North America","1","3154970.2","Female","26","Master's","Freelance","10","3.5",""
"360","Data_Analyst","Testing","South America","5","1092146.6","Male","22","None","Freelance","4","4.4",""
"361","Developer","Web","Australia","2","2213441.7","Male","18","None","Full-time","11","5.0",""
"362","QA_Engineer","Mobile","North America","1","1166920.4","Female","24","None","Full-time","1","4.0",""
"363","QA_Engineer","Web","South America","3","812257.4","Female","25","Bachelor's","Part-time","7","5.0",""
"364","Developer","Web","Europe","5","2527393.1","Female","26","None","Full-time","9","3.7",""
"365","Developer","Testing","Europe","3","646403.5","Female","37","Bachelor's","Full-time","12","3.9",""
"366","Data_Analyst","Testing","Europe","5","1747069.6","Female","27","None","Remote","3","3.4",""
"367","Data_Analyst","Data_Science","Europe","6","794177.7","Female","27","None","Freelance","10","3.6",""
"368","QA_Engineer","Data_Science","South America","1","834709.1","Male","26","None","Remote","7","4.5",""
"369","Data_Analyst","Web","South America","7","1863121.8","Female","24","None","Remote","5","3.3",""
"370","Developer","Data_Science","North America","7","1108468.3","Male","37","Master's","Full-time","1","4.2",""
"371","Data_Analyst","Data_Science","South America","4","865224.2","Female","33","None","Remote","8","5.0",""
"372","Developer","Desktop","Australia","2","975025.4","Female","24","Bachelor's","Freelance","9","4.0",""
"373","QA_Engineer","Data_Science","North America","5","2235043.5","Male","23","Master's","Full-time","14","3.8",""
"374","Data_Analyst","Mobile","Australia","5","1195147.1","Female","28","Bachelor's","Part-time","11","4.2",""
"375","Developer","Desktop","North America","1","379410.1","Male","36","Master's","Remote","12","4.6",""
"376","Data_Analyst","Data_Science","Australia","4","562655.2","Male","26","None","Full-time","2","3.8",""
"377","Data_Analyst","Desktop","Europe","4","341019.7","Male","38","Bachelor's","Remote","4","3.9",""
"378","Data_Analyst","Web","South America","6","910914.3","Female","23","Master's","Part-time","17","5.0",""
"379","QA_Engineer","Desktop","North America","3","1700380.6","Male","18","Bachelor's","Remote","16","3.5",""
"380","Data_Analyst","Web","North America","3","1786574.1","Female","19","None","Remote","13","3.4",""
"381","Data_Analyst","Mobile","North America","4","1501838.1","Male","25","None","Remote","11","5.0",""
"382","Data_Analyst","Web","Australia","6","1313084.7","Male","29","Master's","Full-time","5","3.5",""
"383","Data_Analyst","Web","South America","5","1224642.2","Female","30","Master's","Part-time","17","3.2",""
"384","Developer","Testing","Europe","6","1006438.7","Male","21","Master's","Remote","7","3.3",""
"385","Developer","Testing","Australia","4","931621.2","Female","22","Bachelor's","Part-time","2","4.6",""
"386","Data_Analyst","Data_Science","South America","2","2768955.3","Female","24","Master's","Freelance","2","4.6",""
"387","Developer","Testing","North America","5","1291500.5","Male","34","Bachelor's","Freelance","9","3.8",""
"388","Data_Analyst","Mobile","South America","1","1194682.5","Female","30","Bachelor's","Freelance","8","3.5",""
"389","Data_Analyst","Testing","North America","3","913140.4","Male","26","Master's","Freelance","14","3.6",""
"390","Data_Analyst","Mobile","Europe","4","1593690.8","Female","22","Bachelor's","Freelance","16","5.0",""
"391","Developer","Data_Science","North America","2","2041581.8","Female","18","Master's","Freelance","2","4.2",""
"392","Data_Analyst","Desktop","Australia","2","1153160.1","Female","31","Bachelor's","Remote","7","2.6",""
"393","Developer","Testing","North America","1","766568.2","Female","18","None","Remote","6","4.8",""
"394","Data_Analyst","Desktop","North America","5","1878203.9","Female","25","Bachelor's","Full-time","5","3.3",""
"395","Developer","Data_Science","North America","1","1197673.6","Female","26","None","Part-time","16","3.4",""
"396","QA_Engineer","Web","Australia","1","916748.7","Female","26","Master's","Part-time","12","4.2",""
"397","Developer","Web","South America","1","739505.5","Female","24","Master's","Full-time","10","3.6",""
"398","Developer","Mobile","South America","5","395866.7","Female","43","Bachelor's","Full-time","7","5.0",""
"399","Data_Analyst","Web","North America","1","1158556.6","Female","22","None","Full-time","14","3.3",""
"400","Developer","Data_Science","Australia","3","1020839.5","Male","57","Bachelor's","Full-time","5","5.0",""
"401","QA_Engineer","Data_Science","Europe","4","1309743.4","Female","25","None","Remote","1","4.3",""
"402","Developer","Testing","South America","4","738365.5","Male","29","Master's","Remote","8","4.4",""
"403","QA_Engineer","Web","South America","4","379991.9","Female","35","None","Full-time","9","5.0",""
"404","QA_Engineer","Web","North America","1","2647831.9","Male","20","Master's","Full-time","13","4.3",""
"405","QA_Engineer","Testing","South America","7","415379.4","Male","40","Master's","Part-time","5","3.6",""
"406","QA_Engineer","Desktop","North America","6","2133376.4","Female","19","Bachelor's","Freelance","9","4.8",""
"407","QA_Engineer","Data_Science","North America","2","837004.2","Female","25","None","Remote","8","5.0",""
"408","Data_Analyst","Mobile","Australia","10","971875.2","Male","32","Master's","Remote","2","4.6",""
"409","Developer","Testing","South America","4","897955.8","Female","27","None","Full-time","9","3.5",""
"410","Data_Analyst","Data_Science","Europe","1","844338.5","Female","21","None","Remote","7","4.0",""
"411","QA_Engineer","Data_Science","North America","5","2066895.9","Female","27","None","Full-time","7","3.3",""
"412","QA_Engineer","Desktop","North America","2","1354218.8","Male","32","Bachelor's","Full-time","8","4.2",""
"413","Developer","Web","South America","5","1389855.8","Male","30","None","Freelance","14","4.0",""
"414","Developer","Desktop","Europe","2","1098908.2","Male","26","Master's","Part-time","1","5.0",""
"415","QA_Engineer","Testing","Europe","4","1414035.4","Male","32","Bachelor's","Remote","16","3.6",""
"416","Data_Analyst","Mobile","Australia","5","1850781.3","Male","28","Master's","Remote","18","4.9",""
"417","QA_Engineer","Mobile","North America","5","1053543.2","Female","23","None","Remote","2","5.0",""
"418","Data_Analyst","Testing","Australia","7","1395169.8","Male","28","Master's","Freelance","1","3.8",""
"419","QA_Engineer","Data_Science","Australia","1","553930.1","Female","18","Bachelor's","Part-time","1","3.6",""
"420","Developer","Data_Science","North America","1","590298.8","Male","22","Bachelor's","Part-time","1","2.3",""
"421","Developer","Testing","Australia","5","998547.4","Female","23","None","Freelance","3","2.5",""
"422","QA_Engineer","Web","Europe","5","1549630.8","Male","24","Master's","Freelance","12","3.6",""
"423","QA_Engineer","Desktop","Australia","1","2386630.2","Male","19","None","Full-time","5","4.5",""
"424","Developer","Web","South America","8","1610613.6","Male","25","Bachelor's","Remote","16","4.9",""
"425","Developer","Desktop","South America","1","1459154.7","Female","23","None","Full-time","14","3.6",""
"426","Developer","Testing","North America","4","977911.2","Female","30","None","Full-time","3","4.1",""
"427","Developer","Desktop","Europe","3","1705946.1","Male","26","Master's","Freelance","8","3.7",""
"428","QA_Engineer","Mobile","North America","1","1869254.7","Female","22","Bachelor's","Part-time","8","3.3",""
"429","Developer","Mobile","North America","7","1848167.6","Male","24","Master's","Remote","11","4.2",""
"430","QA_Engineer","Web","North America","5","883246.6","Female","27","Bachelor's","Remote","8","4.2",""
"431","QA_Engineer","Mobile","South America","7","1730146.6","Male","42","Master's","Full-time","5","4.0",""
"432","QA_Engineer","Data_Science","Europe","1","1574806.4","Male","24","None","Full-time","1","3.4",""
"433","Developer","Web","North America","1","2074961.9","Female","26","Bachelor's","Remote","13","4.6",""
"434","QA_Engineer","Testing","Europe","2","1318941.3","Male","18","Bachelor's","Full-time","13","4.3",""
"435","QA_Engineer","Testing","North America","1","1449990.8","Female","22","None","Full-time","12","3.1",""
"436","QA_Engineer","Data_Science","North America","1","924345.8","Female","29","Master's","Full-time","5","4.9",""
"437","Data_Analyst","Testing","Australia","8","1272520.0","Male","41","Bachelor's","Full-time","2","4.1",""
"438","QA_Engineer","Data_Science","South America","6","981790.3","Male","29","None","Full-time","5","4.5",""
"439","Data_Analyst","Web","North America","3","1190272.7","Female","25","Master's","Part-time","14","3.5",""
"440","QA_Engineer","Mobile","Australia","7","1065314.7","Female","34","Master's","Full-time","11","2.9",""
"441","Data_Analyst","Data_Science","South America","1","2046936.6","Male","23","Bachelor's","Freelance","17","3.9",""
"442","Data_Analyst","Desktop","South America","5","1066980.2","Male","27","Bachelor's","Freelance","10","4.1",""
"443","Data_Analyst","Mobile","Australia","3","1404593.2","Female","24","Bachelor's","Part-time","13","3.2",""
"444","Data_Analyst","Testing","North America","3","641845.2","Male","25","Bachelor's","Freelance","11","4.0",""
"445","Developer","Mobile","Europe","6","1371299.2","Male","41","None","Part-time","1","4.4",""
"446","Data_Analyst","Mobile","South America","8","1137029.3","Female","31","Master's","Remote","11","5.0",""
"447","QA_Engineer","Data_Science","Europe","4","2395025.7","Male","25","Bachelor's","Freelance","8","3.6",""
"448","QA_Engineer","Testing","North America","5","2174174.8","Male","25","Bachelor's","Remote","13","4.5",""
"449","QA_Engineer","Web","Europe","5","410444.4","Female","41","Master's","Full-time","10","3.2",""
"450","Developer","Data_Science","North America","3","454735.9","Female","37","None","Part-time","12","5.0",""
"451","Data_Analyst","Web","Australia","3","492515.6","Female","21","Bachelor's","Part-time","1","5.0",""
"452","Developer","Desktop","Australia","3","982654.6","Female","19","None","Full-time","11","3.7",""
"453","Data_Analyst","Data_Science","South America","5","1353440.1","Female","39","None","Freelance","16","2.6",""
"454","Developer","Web","Australia","2","1203433.2","Female","25","Master's","Freelance","5","3.6",""
"455","Developer","Mobile","Australia","4","1787329.5","Male","38","Master's","Full-time","11","4.1",""
"456","QA_Engineer","Mobile","South America","1","1718553.3","Male","24","Master's","Full-time","1","4.3",""
"457","QA_Engineer","Web","North America","4","1207934.2","Female","30","Master's","Part-time","10","3.9",""
"458","Developer","Web","South America","4","838724.5","Male","22","Master's","Full-time","11","4.6",""
"459","QA_Engineer","Web","Europe","8","1712258.8","Male","24","Master's","Part-time","2","3.7",""
"460","Data_Analyst","Desktop","Australia","2","1974052.2","Male","33","Bachelor's","Part-time","11","4.8",""
"461","Developer","Web","Australia","3","1495379.3","Male","30","Master's","Freelance","4","2.9",""
"462","QA_Engineer","Data_Science","Europe","3","1764032.5","Female","22","Bachelor's","Freelance","4","4.2",""
"463","Data_Analyst","Data_Science","Europe","5","2486355.0","Male","29","Master's","Freelance","11","4.9",""
"464","QA_Engineer","Desktop","North America","6","1684463.2","Male","42","Bachelor's","Full-time","6","3.5",""
"465","Developer","Mobile","South America","7","996535.6","Female","49","Master's","Remote","4","5.0",""
"466","Developer","Web","North America","1","2265424.7","Female","25","Master's","Freelance","17","4.2",""
"467","Developer","Data_Science","South America","2","675373.8","Female","36","Master's","Remote","12","3.9",""
"468","QA_Engineer","Testing","Europe","7","898457.0","Male","24","Master's","Full-time","15","4.8",""
"469","Developer","Testing","Europe","1","630924.3","Male","36","None","Full-time","3","3.0",""
"470","QA_Engineer","Testing","Europe","1","1195368.8","Female","32","Bachelor's","Freelance","7","3.8",""
"471","Developer","Desktop","South America","2","1853010.2","Male","24","Bachelor's","Full-time","3","4.8",""
"472","QA_Engineer","Mobile","South America","1","363826.7","Female","18","None","Freelance","3","4.6",""
"473","QA_Engineer","Data_Science","Europe","4","1342880.9","Male","24","Bachelor's","Part-time","5","3.4",""
"474","Developer","Data_Science","South America","5","1323178.0","Male","23","Master's","Part-time","5","5.0",""
"475","Developer","Web","North America","1","1809696.7","Male","23","Bachelor's","Part-time","10","4.8",""
"476","Data_Analyst","Data_Science","Australia","2","2746263.2","Male","26","Bachelor's","Remote","14","4.5",""
"477","QA_Engineer","Web","Australia","6","820103.6","Male","25","None","Remote","5","4.5",""
"478","QA_Engineer","Mobile","Australia","2","689746.2","Male","18","None","Full-time","6","4.5",""
"479","Data_Analyst","Web","South America","6","984326.3","Male","25","Master's","Part-time","7","3.6",""
"480","QA_Engineer","Web","South America","4","1639748.2","Male","29","Bachelor's","Freelance","1","3.9",""
"481","Developer","Data_Science","South America","1","1472570.7","Male","22","None","Full-time","9","3.0",""
"482","Developer","Data_Science","North America","5","1235165.4","Female","25","Master's","Remote","11","4.1",""
"483","Data_Analyst","Desktop","South America","8","1048525.2","Male","23","None","Remote","9","3.9",""
"484","Data_Analyst","Desktop","South America","2","1424269.8","Male","27","Bachelor's","Remote","17","5.0",""
"485","QA_Engineer","Testing","Australia","2","619580.3","Male","19","Master's","Freelance","7","4.1",""
"486","Developer","Data_Science","Australia","5","1211769.7","Male","32","Master's","Part-time","11","5.0",""
"487","QA_Engineer","Data_Science","South America","3","1474737.1","Female","27","None","Remote","6","4.0",""
"488","QA_Engineer","Web","Europe","6","851390.2","Male","22","Bachelor's","Freelance","8","3.6",""
"489","Developer","Web","North America","6","2155286.2","Female","38","Bachelor's","Part-time","8","3.3",""
"490","QA_Engineer","Desktop","North America","1","1897285.9","Male","30","Bachelor's","Freelance","12","3.6",""
"491","Data_Analyst","Mobile","Australia","7","337358.7","Male","41","Bachelor's","Remote","10","3.2",""
"492","Developer","Data_Science","Australia","6","388825.4","Female","34","Bachelor's","Freelance","4","3.4",""
"493","QA_Engineer","Testing","North America","2","1277837.6","Male","36","None","Part-time","6","3.5",""
"494","Developer","Desktop","Europe","3","2004265.7","Female","33","Master's","Part-time","16","4.8",""
"495","Developer","Web","Europe","5","596139.1","Male","35","None","Part-time","17","4.5",""
"496","Developer","Testing","North America","3","2210713.5","Female","34","Master's","Freelance","10","5.0",""
"497","Developer","Mobile","Europe","5","802551.7","Female","28","Master's","Part-time","8","4.6",""
"498","Data_Analyst","Web","Europe","4","831455.6","Female","58","Bachelor's","Freelance","6","4.9",""
"499","Data_Analyst","Desktop","Australia","4","589052.6","Female","33","Master's","Remote","12","3.9",""
"500","Data_Analyst","Data_Science","Australia","1","3283989.3","Female","27","Bachelor's","Remote","14","4.0",""
"501","Developer","Web","North America","3","1815541.1","Male","29","None","Remote","6","4.6",""
"502","QA_Engineer","Desktop","North America","1","595868.8","Female","24","None","Freelance","9","4.0",""
"503","Data_Analyst","Testing","North America","6","1041563.4","Male","31","Bachelor's","Remote","13","3.7",""
"504","Developer","Data_Science","North America","1","1348384.1","Female","31","Bachelor's","Part-time","7","4.6",""
